<?xml version="1.0" encoding="UTF-8"?>
<model package="versionx" baseClass="xPDOObject" platform="mysql" defaultEngine="MyISAM" version="1.1">
	<object class="Versionx" table="versionx" extends="xPDOObject">
		<field key="revision" dbtype="int" precision="12" attributes="unsigned" phptype="integer" null="false" index="pk"  generated="native" />
		<field key="fromRev" dbtype="int" precision="10" phptype="integer" null="false" />
		<field key="mode" dbtype="varchar" precision="20" phptype="string" null="false" />
		<field key="time" dbtype="int" precision="20" phptype="integer" null="false" />
		<field key="id" dbtype="int" precision="10" phptype="integer" null="false" />
		<field key="type" dbtype="varchar" precision="20" phptype="string" null="false" default="document" />
		<field key="contentType" dbtype="varchar" precision="50" phptype="string" null="false" default="text/html" />
		<field key="pagetitle" dbtype="varchar" precision="255" phptype="string" null="false" default="" index="index" />
		<field key="longtitle" dbtype="varchar" precision="255" phptype="string" null="false" default="" />
		<field key="description" dbtype="varchar" precision="255" phptype="string" null="false" default="" />
		<field key="alias" dbtype="varchar" precision="255" phptype="string" null="true" default="" />
		<field key="link_attributes" dbtype="varchar" precision="255" phptype="string" null="false" default="" />
		<field key="published" dbtype="tinyint" precision="1" attributes="unsigned" phptype="integer" null="false" default="0" />
		<field key="pub_date" dbtype="int" precision="20" phptype="integer" null="false" default="0" index="index" />
		<field key="unpub_date" dbtype="int" precision="20" phptype="integer" null="false" default="0" index="index" />
		<field key="parent" dbtype="int" precision="10" phptype="integer" null="false" default="0" index="index" />
		<field key="isfolder" dbtype="tinyint" precision="1" attributes="unsigned" phptype="integer" null="false" default="0" index="index" />
		<field key="introtext" dbtype="text" phptype="string" null="true" />
		<field key="contentField" dbtype="mediumtext" phptype="string" null="true" />
		<field key="richtext" dbtype="tinyint" precision="1" attributes="unsigned" phptype="integer" null="false" default="1" />
		<field key="template" dbtype="int" precision="10" phptype="integer" null="false" default="0" index="index" />
		<field key="menuindex" dbtype="int" precision="10" phptype="integer" null="false" default="0" index="index" />
		<field key="searchable" dbtype="tinyint" precision="1" attributes="unsigned" phptype="integer" null="false" default="1" index="index" />
		<field key="cacheable" dbtype="tinyint" precision="1" attributes="unsigned" phptype="integer" null="false" default="1" index="index" />
		<field key="createdby" dbtype="int" precision="10" phptype="integer" null="false" default="0" />
		<field key="createdon" dbtype="int" precision="20" phptype="integer" null="false" default="0" />
		<field key="editedby" dbtype="int" precision="10" phptype="integer" null="false" default="0" />
		<field key="editedon" dbtype="int" precision="20" phptype="integer" null="false" default="0" />
		<field key="deleted" dbtype="tinyint" precision="1" attributes="unsigned" phptype="integer" null="false" default="0" />
		<field key="deletedon" dbtype="int" precision="20" phptype="integer" null="false" default="0" />
		<field key="deletedby" dbtype="int" precision="10" phptype="integer" null="false" default="0" />
		<field key="publishedon" dbtype="int" precision="20" phptype="integer" null="false" default="0" />
		<field key="publishedby" dbtype="int" precision="10" phptype="integer" null="false" default="0" />
		<field key="menutitle" dbtype="varchar" precision="255" phptype="string" null="false" default="" />
		<field key="donthit" dbtype="tinyint" precision="1" attributes="unsigned" phptype="integer" null="false" default="0" />
		<field key="haskeywords" dbtype="tinyint" precision="1" attributes="unsigned" phptype="integer" null="false" default="0" />
		<field key="hasmetatags" dbtype="tinyint" precision="1" attributes="unsigned" phptype="integer" null="false" default="0" />
		<field key="privateweb" dbtype="tinyint" precision="1" attributes="unsigned" phptype="integer" null="false" default="0" />
		<field key="privatemgr" dbtype="tinyint" precision="1" attributes="unsigned" phptype="integer" null="false" default="0" />
		<field key="content_dispo" dbtype="tinyint" precision="1" phptype="integer" null="false" default="0" />
		<field key="hidemenu" dbtype="tinyint" precision="1" phptype="integer" null="false" default="0" index="index" />
		<field key="class" dbtype="varchar" precision="100" phptype="string" null="false" />
		<field key="context_key" dbtype="varchar" precision="100" phptype="string" null="false" default="web" index="index" />
		<field key="content_type" dbtype="int" precision="11" attributes="unsigned" phptype="integer" null="false" default="1" />

		<index alias="PRIMARY" name="PRIMARY" primary="true" unique="true" type="BTREE" >
			<column key="revision" length="" collation="A" null="false" />
		</index>
		<index alias="pub_date" name="pub_date" primary="false" unique="false" type="BTREE" >
			<column key="pub_date" length="" collation="A" null="false" />
		</index>
		<index alias="unpub_date" name="unpub_date" primary="false" unique="false" type="BTREE" >
			<column key="unpub_date" length="" collation="A" null="false" />
		</index>
		<index alias="parent" name="parent" primary="false" unique="false" type="BTREE" >
			<column key="parent" length="" collation="A" null="false" />
		</index>
		<index alias="isfolder" name="isfolder" primary="false" unique="false" type="BTREE" >
			<column key="isfolder" length="" collation="A" null="false" />
		</index>
		<index alias="template" name="template" primary="false" unique="false" type="BTREE" >
			<column key="template" length="" collation="A" null="false" />
		</index>
		<index alias="menuindex" name="menuindex" primary="false" unique="false" type="BTREE" >
			<column key="menuindex" length="" collation="A" null="false" />
		</index>
		<index alias="searchable" name="searchable" primary="false" unique="false" type="BTREE" >
			<column key="searchable" length="" collation="A" null="false" />
		</index>
		<index alias="cacheable" name="cacheable" primary="false" unique="false" type="BTREE" >
			<column key="cacheable" length="" collation="A" null="false" />
		</index>
		<index alias="hidemenu" name="hidemenu" primary="false" unique="false" type="BTREE" >
			<column key="hidemenu" length="" collation="A" null="false" />
		</index>
		<index alias="context_key" name="context_key" primary="false" unique="false" type="BTREE" >
			<column key="context_key" length="" collation="A" null="false" />
		</index>
		<index alias="content_ft_idx" name="content_ft_idx" primary="false" unique="false" type="FULLTEXT" >
			<column key="pagetitle" length="" collation="" null="false" />
			<column key="longtitle" length="" collation="" null="false" />
			<column key="description" length="" collation="" null="false" />
			<column key="introtext" length="" collation="" null="true" />
			<column key="contentField" length="" collation="" null="true" />
		</index>
	</object>
</model>